instance,n,num_variables,seed,penalty_factor,penalty,path_upper_bound_kms,provably_sufficient,feasibility_rate,best_raw_dv_kms,best_repaired_dv_kms,mean_feasible_dv_kms,reference_dv_kms,gap_pct,reason
n4_td30d,4,16,1,0.5,0.2602486704887121,0.5204973409774242,False,0.546,0.5204973409774242,0.5204973409774242,0.5211026355612586,0.5204973409774242,0.0,
n4_td30d,4,16,1,1.0,0.5204973409774242,0.5204973409774242,False,1.0,0.5204973409774242,0.5204973409774242,0.6150952011701826,0.5204973409774242,0.0,
n4_td30d,4,16,1,1.05,0.5465222080262954,0.5204973409774242,True,1.0,0.5204973409774242,0.5204973409774242,0.6383093204186621,0.5204973409774242,0.0,
n4_td30d,4,16,1,1.1,0.5725470750751667,0.5204973409774242,True,1.0,0.5204973409774242,0.5204973409774242,0.641616282575023,0.5204973409774242,0.0,
n4_td30d,4,16,1,1.5,0.7807460114661362,0.5204973409774242,True,1.0,0.5204973409774242,0.5204973409774242,0.6974988236191328,0.5204973409774242,0.0,
n4_td30d,4,16,1,2.0,1.0409946819548483,0.5204973409774242,True,1.0,0.5204973409774242,0.5204973409774242,0.75135546133905,0.5204973409774242,0.0,
n4_td30d,4,16,1,4.0,2.0819893639096967,0.5204973409774242,True,1.0,0.5204973409774242,0.5204973409774242,0.8463824843002365,0.5204973409774242,0.0,
n4_td30d,4,16,1,8.0,4.163978727819393,0.5204973409774242,True,1.0,0.5204973409774242,0.5204973409774242,0.9082200460550593,0.5204973409774242,0.0,
n4_td30d,4,16,2,0.5,0.2602486704887121,0.5204973409774242,False,0.57,0.5204973409774242,0.5204973409774242,0.5209321973494946,0.5204973409774242,0.0,
n4_td30d,4,16,2,1.0,0.5204973409774242,0.5204973409774242,False,1.0,0.5204973409774242,0.5204973409774242,0.6087948971102527,0.5204973409774242,0.0,
n4_td30d,4,16,2,1.05,0.5465222080262954,0.5204973409774242,True,1.0,0.5204973409774242,0.5204973409774242,0.6282879556123305,0.5204973409774242,0.0,
n4_td30d,4,16,2,1.1,0.5725470750751667,0.5204973409774242,True,1.0,0.5204973409774242,0.5204973409774242,0.6385191157157151,0.5204973409774242,0.0,
n4_td30d,4,16,2,1.5,0.7807460114661362,0.5204973409774242,True,1.0,0.5204973409774242,0.5204973409774242,0.6882662745943797,0.5204973409774242,0.0,
n4_td30d,4,16,2,2.0,1.0409946819548483,0.5204973409774242,True,1.0,0.5204973409774242,0.5204973409774242,0.7355688089407252,0.5204973409774242,0.0,
n4_td30d,4,16,2,4.0,2.0819893639096967,0.5204973409774242,True,1.0,0.5204973409774242,0.5204973409774242,0.8705751245444999,0.5204973409774242,0.0,
n4_td30d,4,16,2,8.0,4.163978727819393,0.5204973409774242,True,1.0,0.5204973409774242,0.5204973409774242,0.8987406467894395,0.5204973409774242,0.0,
n4_td30d,4,16,3,0.5,0.2602486704887121,0.5204973409774242,False,0.528,0.5204973409774242,0.5204973409774242,0.5208103057906567,0.5204973409774242,0.0,
n4_td30d,4,16,3,1.0,0.5204973409774242,0.5204973409774242,False,1.0,0.5204973409774242,0.5204973409774242,0.6227325377261057,0.5204973409774242,0.0,
n4_td30d,4,16,3,1.05,0.5465222080262954,0.5204973409774242,True,1.0,0.5204973409774242,0.5204973409774242,0.6223639723262665,0.5204973409774242,0.0,
n4_td30d,4,16,3,1.1,0.5725470750751667,0.5204973409774242,True,1.0,0.5204973409774242,0.5204973409774242,0.6430182512250854,0.5204973409774242,0.0,
n4_td30d,4,16,3,1.5,0.7807460114661362,0.5204973409774242,True,1.0,0.5204973409774242,0.5204973409774242,0.7036061468571115,0.5204973409774242,0.0,
n4_td30d,4,16,3,2.0,1.0409946819548483,0.5204973409774242,True,1.0,0.5204973409774242,0.5204973409774242,0.7500057675580221,0.5204973409774242,0.0,
n4_td30d,4,16,3,4.0,2.0819893639096967,0.5204973409774242,True,1.0,0.5204973409774242,0.5204973409774242,0.8721503707250186,0.5204973409774242,0.0,
n4_td30d,4,16,3,8.0,4.163978727819393,0.5204973409774242,True,1.0,0.5204973409774242,0.5204973409774242,0.9295365704076025,0.5204973409774242,0.0,
n4_td30d,4,16,4,0.5,0.2602486704887121,0.5204973409774242,False,0.522,0.5204973409774242,0.5204973409774242,0.5212887462522651,0.5204973409774242,0.0,
n4_td30d,4,16,4,1.0,0.5204973409774242,0.5204973409774242,False,1.0,0.5204973409774242,0.5204973409774242,0.6264691765107204,0.5204973409774242,0.0,
n4_td30d,4,16,4,1.05,0.5465222080262954,0.5204973409774242,True,1.0,0.5204973409774242,0.5204973409774242,0.6269193224035918,0.5204973409774242,0.0,
n4_td30d,4,16,4,1.1,0.5725470750751667,0.5204973409774242,True,1.0,0.5204973409774242,0.5204973409774242,0.641867680784513,0.5204973409774242,0.0,
n4_td30d,4,16,4,1.5,0.7807460114661362,0.5204973409774242,True,1.0,0.5204973409774242,0.5204973409774242,0.6795388587400303,0.5204973409774242,0.0,
n4_td30d,4,16,4,2.0,1.0409946819548483,0.5204973409774242,True,1.0,0.5204973409774242,0.5204973409774242,0.7460019425695599,0.5204973409774242,0.0,
n4_td30d,4,16,4,4.0,2.0819893639096967,0.5204973409774242,True,1.0,0.5204973409774242,0.5204973409774242,0.8589813711984177,0.5204973409774242,0.0,
n4_td30d,4,16,4,8.0,4.163978727819393,0.5204973409774242,True,1.0,0.5204973409774242,0.5204973409774242,0.910803618120191,0.5204973409774242,0.0,
n4_td30d,4,16,5,0.5,0.2602486704887121,0.5204973409774242,False,0.552,0.5204973409774242,0.5204973409774242,0.520647019801144,0.5204973409774242,0.0,
n4_td30d,4,16,5,1.0,0.5204973409774242,0.5204973409774242,False,1.0,0.5204973409774242,0.5204973409774242,0.6276629839947051,0.5204973409774242,0.0,
n4_td30d,4,16,5,1.05,0.5465222080262954,0.5204973409774242,True,1.0,0.5204973409774242,0.5204973409774242,0.6232918402115267,0.5204973409774242,0.0,
n4_td30d,4,16,5,1.1,0.5725470750751667,0.5204973409774242,True,1.0,0.5204973409774242,0.5204973409774242,0.6369601757722433,0.5204973409774242,0.0,
n4_td30d,4,16,5,1.5,0.7807460114661362,0.5204973409774242,True,1.0,0.5204973409774242,0.5204973409774242,0.6867281015373942,0.5204973409774242,0.0,
n4_td30d,4,16,5,2.0,1.0409946819548483,0.5204973409774242,True,1.0,0.5204973409774242,0.5204973409774242,0.7425936375898757,0.5204973409774242,0.0,
n4_td30d,4,16,5,4.0,2.0819893639096967,0.5204973409774242,True,1.0,0.5204973409774242,0.5204973409774242,0.8434326273960712,0.5204973409774242,0.0,
n4_td30d,4,16,5,8.0,4.163978727819393,0.5204973409774242,True,1.0,0.5204973409774242,0.5204973409774242,0.9125053207861032,0.5204973409774242,0.0,
n5_td30d,5,25,1,0.5,0.4157130690634635,0.831426138126927,False,0.77,0.831426138126927,0.831426138126927,0.9177618227527851,0.831426138126927,0.0,
n5_td30d,5,25,1,1.0,0.831426138126927,0.831426138126927,False,1.0,0.831426138126927,0.831426138126927,1.1487328279830886,0.831426138126927,0.0,
n5_td30d,5,25,1,1.05,0.8729974450332734,0.831426138126927,True,1.0,0.831426138126927,0.831426138126927,1.1632924924525514,0.831426138126927,0.0,
n5_td30d,5,25,1,1.1,0.9145687519396197,0.831426138126927,True,1.0,0.831426138126927,0.831426138126927,1.1626739409967175,0.831426138126927,0.0,
n5_td30d,5,25,1,1.5,1.2471392071903904,0.831426138126927,True,1.0,0.831426138126927,0.831426138126927,1.29167286586019,0.831426138126927,0.0,
n5_td30d,5,25,1,2.0,1.662852276253854,0.831426138126927,True,1.0,0.831426138126927,0.831426138126927,1.3816435165866214,0.831426138126927,0.0,
n5_td30d,5,25,1,4.0,3.325704552507708,0.831426138126927,True,1.0,0.831426138126927,0.831426138126927,1.5344549162631325,0.831426138126927,0.0,
n5_td30d,5,25,1,8.0,6.651409105015416,0.831426138126927,True,1.0,0.831426138126927,0.831426138126927,1.5853869862018377,0.831426138126927,0.0,
n5_td30d,5,25,2,0.5,0.4157130690634635,0.831426138126927,False,0.764,0.831426138126927,0.831426138126927,0.9160996956591009,0.831426138126927,0.0,
n5_td30d,5,25,2,1.0,0.831426138126927,0.831426138126927,False,1.0,0.831426138126927,0.831426138126927,1.1392448950590977,0.831426138126927,0.0,
n5_td30d,5,25,2,1.05,0.8729974450332734,0.831426138126927,True,1.0,0.831426138126927,0.831426138126927,1.1805187334463603,0.831426138126927,0.0,
n5_td30d,5,25,2,1.1,0.9145687519396197,0.831426138126927,True,1.0,0.831426138126927,0.831426138126927,1.177569743936038,0.831426138126927,0.0,
n5_td30d,5,25,2,1.5,1.2471392071903904,0.831426138126927,True,1.0,0.831426138126927,0.831426138126927,1.2907851727499886,0.831426138126927,0.0,
n5_td30d,5,25,2,2.0,1.662852276253854,0.831426138126927,True,1.0,0.831426138126927,0.831426138126927,1.3890459873268992,0.831426138126927,0.0,
n5_td30d,5,25,2,4.0,3.325704552507708,0.831426138126927,True,1.0,0.831426138126927,0.831426138126927,1.510288559397786,0.831426138126927,0.0,
n5_td30d,5,25,2,8.0,6.651409105015416,0.831426138126927,True,1.0,0.831426138126927,0.831426138126927,1.5662744600590528,0.831426138126927,0.0,
n5_td30d,5,25,3,0.5,0.4157130690634635,0.831426138126927,False,0.744,0.831426138126927,0.831426138126927,0.9339918481771521,0.831426138126927,0.0,
n5_td30d,5,25,3,1.0,0.831426138126927,0.831426138126927,False,1.0,0.831426138126927,0.831426138126927,1.134618583062484,0.831426138126927,0.0,
n5_td30d,5,25,3,1.05,0.8729974450332734,0.831426138126927,True,1.0,0.831426138126927,0.831426138126927,1.1618600697601273,0.831426138126927,0.0,
n5_td30d,5,25,3,1.1,0.9145687519396197,0.831426138126927,True,1.0,0.831426138126927,0.831426138126927,1.201407722573461,0.831426138126927,0.0,
n5_td30d,5,25,3,1.5,1.2471392071903904,0.831426138126927,True,1.0,0.831426138126927,0.831426138126927,1.3198682205748609,0.831426138126927,0.0,
n5_td30d,5,25,3,2.0,1.662852276253854,0.831426138126927,True,1.0,0.831426138126927,0.831426138126927,1.4067611817258712,0.831426138126927,0.0,
n5_td30d,5,25,3,4.0,3.325704552507708,0.831426138126927,True,1.0,0.831426138126927,0.831426138126927,1.5394740865605796,0.831426138126927,0.0,
n5_td30d,5,25,3,8.0,6.651409105015416,0.831426138126927,True,1.0,0.831426138126927,0.831426138126927,1.6243958663167786,0.831426138126927,0.0,
n5_td30d,5,25,4,0.5,0.4157130690634635,0.831426138126927,False,0.756,0.831426138126927,0.831426138126927,0.9257770969678579,0.831426138126927,0.0,
n5_td30d,5,25,4,1.0,0.831426138126927,0.831426138126927,False,1.0,0.831426138126927,0.831426138126927,1.1617593094485834,0.831426138126927,0.0,
n5_td30d,5,25,4,1.05,0.8729974450332734,0.831426138126927,True,1.0,0.831426138126927,0.831426138126927,1.1529013512004058,0.831426138126927,0.0,
n5_td30d,5,25,4,1.1,0.9145687519396197,0.831426138126927,True,1.0,0.831426138126927,0.831426138126927,1.1823369986030956,0.831426138126927,0.0,
n5_td30d,5,25,4,1.5,1.2471392071903904,0.831426138126927,True,1.0,0.831426138126927,0.831426138126927,1.3028248055396452,0.831426138126927,0.0,
n5_td30d,5,25,4,2.0,1.662852276253854,0.831426138126927,True,1.0,0.831426138126927,0.831426138126927,1.392340787968327,0.831426138126927,0.0,
n5_td30d,5,25,4,4.0,3.325704552507708,0.831426138126927,True,1.0,0.831426138126927,0.831426138126927,1.513545350083623,0.831426138126927,0.0,
n5_td30d,5,25,4,8.0,6.651409105015416,0.831426138126927,True,1.0,0.831426138126927,0.831426138126927,1.579803865367857,0.831426138126927,0.0,
n5_td30d,5,25,5,0.5,0.4157130690634635,0.831426138126927,False,0.73,0.831426138126927,0.831426138126927,0.9199457871122894,0.831426138126927,0.0,
n5_td30d,5,25,5,1.0,0.831426138126927,0.831426138126927,False,1.0,0.831426138126927,0.831426138126927,1.1512983106282664,0.831426138126927,0.0,
n5_td30d,5,25,5,1.05,0.8729974450332734,0.831426138126927,True,1.0,0.831426138126927,0.831426138126927,1.1771196556017578,0.831426138126927,0.0,
n5_td30d,5,25,5,1.1,0.9145687519396197,0.831426138126927,True,1.0,0.831426138126927,0.831426138126927,1.1931381644861603,0.831426138126927,0.0,
n5_td30d,5,25,5,1.5,1.2471392071903904,0.831426138126927,True,1.0,0.831426138126927,0.831426138126927,1.3064573668967785,0.831426138126927,0.0,
n5_td30d,5,25,5,2.0,1.662852276253854,0.831426138126927,True,1.0,0.831426138126927,0.831426138126927,1.3929736146511977,0.831426138126927,0.0,
n5_td30d,5,25,5,4.0,3.325704552507708,0.831426138126927,True,1.0,0.831426138126927,0.831426138126927,1.52626874876971,0.831426138126927,0.0,
n5_td30d,5,25,5,8.0,6.651409105015416,0.831426138126927,True,1.0,0.831426138126927,0.831426138126927,1.601662253333242,0.831426138126927,0.0,
n8_td30d,8,64,1,0.5,0.5860187856996127,1.1720375713992255,False,0.734,1.1123581267408957,1.1123581267408957,1.5950031718812923,1.1123581267408957,0.0,
n8_td30d,8,64,1,1.0,1.1720375713992255,1.1720375713992255,False,1.0,1.1123581267408957,1.1123581267408957,2.24193598651553,1.1123581267408957,0.0,
n8_td30d,8,64,1,1.05,1.2306394499691868,1.1720375713992255,True,1.0,1.1123581267408957,1.1123581267408957,2.252005468563366,1.1123581267408957,0.0,
n8_td30d,8,64,1,1.1,1.2892413285391482,1.1720375713992255,True,1.0,1.1720375713992255,1.1720375713992255,2.318896151724465,1.1123581267408957,5.365128659884464,
n8_td30d,8,64,1,1.5,1.7580563570988383,1.1720375713992255,True,1.0,1.1764619824559344,1.1764619824559344,2.623425181555489,1.1123581267408957,5.7628792539015175,
n8_td30d,8,64,1,2.0,2.344075142798451,1.1720375713992255,True,1.0,1.1764619824559344,1.1764619824559344,2.7832658946143702,1.1123581267408957,5.7628792539015175,
n8_td30d,8,64,1,4.0,4.688150285596902,1.1720375713992255,True,1.0,1.1720375713992255,1.1720375713992255,3.1436575837595964,1.1123581267408957,5.365128659884464,
n8_td30d,8,64,1,8.0,9.376300571193804,1.1720375713992255,True,1.0,1.5898799396840484,1.5898799396840484,3.332193705426061,1.1123581267408957,42.92878358719295,
n8_td30d,8,64,2,0.5,0.5860187856996127,1.1720375713992255,False,0.756,1.1123581267408957,1.1123581267408957,1.5820345848216848,1.1123581267408957,0.0,
n8_td30d,8,64,2,1.0,1.1720375713992255,1.1720375713992255,False,1.0,1.1123581267408957,1.1123581267408957,2.244198519399563,1.1123581267408957,0.0,
n8_td30d,8,64,2,1.05,1.2306394499691868,1.1720375713992255,True,1.0,1.1123581267408957,1.1123581267408957,2.3369909281261734,1.1123581267408957,0.0,
n8_td30d,8,64,2,1.1,1.2892413285391482,1.1720375713992255,True,1.0,1.1123581267408957,1.1123581267408957,2.3267228807854416,1.1123581267408957,0.0,
n8_td30d,8,64,2,1.5,1.7580563570988383,1.1720375713992255,True,1.0,1.1123581267408957,1.1123581267408957,2.568054217299409,1.1123581267408957,0.0,
n8_td30d,8,64,2,2.0,2.344075142798451,1.1720375713992255,True,1.0,1.1123581267408957,1.1123581267408957,2.8130140980565703,1.1123581267408957,0.0,
n8_td30d,8,64,2,4.0,4.688150285596902,1.1720375713992255,True,1.0,1.3081523111190827,1.3081523111190827,3.1392717577811564,1.1123581267408957,17.60172193391039,
n8_td30d,8,64,2,8.0,9.376300571193804,1.1720375713992255,True,1.0,1.4187415280507514,1.4187415280507514,3.3422928249985153,1.1123581267408957,27.5435935553894,
n8_td30d,8,64,3,0.5,0.5860187856996127,1.1720375713992255,False,0.728,1.1123581267408957,1.1123581267408957,1.616334081839307,1.1123581267408957,0.0,
n8_td30d,8,64,3,1.0,1.1720375713992255,1.1720375713992255,False,1.0,1.1123581267408957,1.1123581267408957,2.228342960692963,1.1123581267408957,0.0,
n8_td30d,8,64,3,1.05,1.2306394499691868,1.1720375713992255,True,1.0,1.1123581267408957,1.1123581267408957,2.258477102067459,1.1123581267408957,0.0,
n8_td30d,8,64,3,1.1,1.2892413285391482,1.1720375713992255,True,1.0,1.1123581267408957,1.1123581267408957,2.302041224183898,1.1123581267408957,0.0,
n8_td30d,8,64,3,1.5,1.7580563570988383,1.1720375713992255,True,1.0,1.1720375713992255,1.1720375713992255,2.6222482591263905,1.1123581267408957,5.365128659884464,
n8_td30d,8,64,3,2.0,2.344075142798451,1.1720375713992255,True,1.0,1.2222807328428722,1.2222807328428722,2.847306613227819,1.1123581267408957,9.881943904526443,
n8_td30d,8,64,3,4.0,4.688150285596902,1.1720375713992255,True,1.0,1.3703352671442777,1.3703352671442777,3.215881555284895,1.1123581267408957,23.191914024958006,
n8_td30d,8,64,3,8.0,9.376300571193804,1.1720375713992255,True,1.0,1.8252193884464805,1.8252193884464805,3.332434083371325,1.1123581267408957,64.085589395045,
n8_td30d,8,64,4,0.5,0.5860187856996127,1.1720375713992255,False,0.748,1.1123581267408957,1.1123581267408957,1.6204856770510105,1.1123581267408957,0.0,
n8_td30d,8,64,4,1.0,1.1720375713992255,1.1720375713992255,False,0.998,1.1720375713992255,1.1720375713992255,2.2459300294186058,1.1123581267408957,5.365128659884464,
n8_td30d,8,64,4,1.05,1.2306394499691868,1.1720375713992255,True,1.0,1.1123581267408957,1.1123581267408957,2.2897673626635195,1.1123581267408957,0.0,
n8_td30d,8,64,4,1.1,1.2892413285391482,1.1720375713992255,True,1.0,1.1720375713992255,1.1720375713992255,2.3223303354426945,1.1123581267408957,5.365128659884464,
n8_td30d,8,64,4,1.5,1.7580563570988383,1.1720375713992255,True,1.0,1.1764619824559344,1.1764619824559344,2.597787237910236,1.1123581267408957,5.7628792539015175,
n8_td30d,8,64,4,2.0,2.344075142798451,1.1720375713992255,True,1.0,1.3108391177611973,1.3108391177611973,2.821891760586644,1.1123581267408957,17.843263446263673,
n8_td30d,8,64,4,4.0,4.688150285596902,1.1720375713992255,True,1.0,1.246589123199521,1.246589123199521,3.1979895001009044,1.1123581267408957,12.067246440848091,
n8_td30d,8,64,4,8.0,9.376300571193804,1.1720375713992255,True,1.0,1.6704981039077833,1.6704981039077833,3.367139555876767,1.1123581267408957,50.17628439522306,
n8_td30d,8,64,5,0.5,0.5860187856996127,1.1720375713992255,False,0.75,1.1123581267408957,1.1123581267408957,1.6162052220144918,1.1123581267408957,0.0,
n8_td30d,8,64,5,1.0,1.1720375713992255,1.1720375713992255,False,0.996,1.1720375713992255,1.1720375713992255,2.2716560236829384,1.1123581267408957,5.365128659884464,
n8_td30d,8,64,5,1.05,1.2306394499691868,1.1720375713992255,True,1.0,1.1123581267408957,1.1123581267408957,2.305986483530009,1.1123581267408957,0.0,
n8_td30d,8,64,5,1.1,1.2892413285391482,1.1720375713992255,True,1.0,1.1764619824559344,1.1764619824559344,2.3311206279550993,1.1123581267408957,5.7628792539015175,
n8_td30d,8,64,5,1.5,1.7580563570988383,1.1720375713992255,True,1.0,1.1123581267408957,1.1123581267408957,2.5724656090937814,1.1123581267408957,0.0,
n8_td30d,8,64,5,2.0,2.344075142798451,1.1720375713992255,True,1.0,1.1764619824559344,1.1764619824559344,2.8319461407232867,1.1123581267408957,5.7628792539015175,
n8_td30d,8,64,5,4.0,4.688150285596902,1.1720375713992255,True,1.0,1.1123581267408957,1.1123581267408957,3.1068414339088837,1.1123581267408957,0.0,
n8_td30d,8,64,5,8.0,9.376300571193804,1.1720375713992255,True,1.0,1.7393163497522304,1.7393163497522304,3.356109747997946,1.1123581267408957,56.362983102237315,
n10_td30d,10,100,1,0.5,0.7582600519844528,1.5165201039689056,False,0.896,1.5165201039689056,1.5165201039689056,2.4796337374330384,1.5165201039689056,0.0,
n10_td30d,10,100,1,1.0,1.5165201039689056,1.5165201039689056,False,1.0,1.7760438549002184,1.7760438549002184,3.4820932969053735,1.5165201039689056,17.113109826378807,
n10_td30d,10,100,1,1.05,1.592346109167351,1.5165201039689056,True,1.0,1.5165201039689056,1.5165201039689056,3.6210216776410307,1.5165201039689056,0.0,
n10_td30d,10,100,1,1.1,1.6681721143657964,1.5165201039689056,True,1.0,1.7494909794098294,1.7494909794098294,3.6706924512743258,1.5165201039689056,15.36220158448362,
n10_td30d,10,100,1,1.5,2.2747801559533585,1.5165201039689056,True,1.0,1.7308139225714927,1.7308139225714927,4.2303216929244645,1.5165201039689056,14.130628274676729,
n10_td30d,10,100,1,2.0,3.033040207937811,1.5165201039689056,True,1.0,1.5683711839257946,1.5683711839257946,4.578030686462748,1.5165201039689056,3.4190829268394665,
n10_td30d,10,100,1,4.0,6.066080415875622,1.5165201039689056,True,1.0,2.509478321324515,2.509478321324515,5.240708269780469,1.5165201039689056,65.47609983915973,
n10_td30d,10,100,1,8.0,12.132160831751245,1.5165201039689056,True,1.0,2.620753511231564,2.620753511231564,5.6466947580017415,1.5165201039689056,72.8136346081238,
n10_td30d,10,100,2,0.5,0.7582600519844528,1.5165201039689056,False,0.892,1.5165201039689056,1.5165201039689056,2.5084456726321256,1.5165201039689056,0.0,
n10_td30d,10,100,2,1.0,1.5165201039689056,1.5165201039689056,False,1.0,1.5165201039689056,1.5165201039689056,3.5138781962532013,1.5165201039689056,0.0,
n10_td30d,10,100,2,1.05,1.592346109167351,1.5165201039689056,True,1.0,1.5683711839257946,1.5683711839257946,3.6102930621409093,1.5165201039689056,3.4190829268394665,
n10_td30d,10,100,2,1.1,1.6681721143657964,1.5165201039689056,True,1.0,1.7005777898300511,1.7005777898300511,3.6623304905621232,1.5165201039689056,12.13684443611698,
n10_td30d,10,100,2,1.5,2.2747801559533585,1.5165201039689056,True,1.0,1.7108009097865304,1.7108009097865304,4.173876660687067,1.5165201039689056,12.81096144450508,
n10_td30d,10,100,2,2.0,3.033040207937811,1.5165201039689056,True,1.0,1.8144525400237295,1.8144525400237295,4.6034531451117715,1.5165201039689056,19.645795349174787,
n10_td30d,10,100,2,4.0,6.066080415875622,1.5165201039689056,True,1.0,2.4630509057774708,2.4630509057774708,5.168018977712245,1.5165201039689056,62.41465571945841,
n10_td30d,10,100,2,8.0,12.132160831751245,1.5165201039689056,True,1.0,2.655934677093817,2.655934677093817,5.525385086245187,1.5165201039689056,75.13349609694812,
n10_td30d,10,100,3,0.5,0.7582600519844528,1.5165201039689056,False,0.884,1.5165201039689056,1.5165201039689056,2.482595650995437,1.5165201039689056,0.0,
n10_td30d,10,100,3,1.0,1.5165201039689056,1.5165201039689056,False,1.0,1.641059048135447,1.641059048135447,3.486375562262628,1.5165201039689056,8.212152535308226,
n10_td30d,10,100,3,1.05,1.592346109167351,1.5165201039689056,True,1.0,1.8093877630955095,1.8093877630955095,3.61556525444022,1.5165201039689056,19.31182173979336,
n10_td30d,10,100,3,1.1,1.6681721143657964,1.5165201039689056,True,1.0,1.5587452776029718,1.5587452776029718,3.6310476529534443,1.5165201039689056,2.78434644707697,
n10_td30d,10,100,3,1.5,2.2747801559533585,1.5165201039689056,True,1.0,1.7417781037734956,1.7417781037734956,4.171975404039624,1.5165201039689056,14.853611186232495,
n10_td30d,10,100,3,2.0,3.033040207937811,1.5165201039689056,True,1.0,1.9309995708757848,1.9309995708757848,4.630652900405343,1.5165201039689056,27.33095761949606,
n10_td30d,10,100,3,4.0,6.066080415875622,1.5165201039689056,True,1.0,1.8200828528470998,1.8200828528470998,5.166713953118591,1.5165201039689056,20.01706064322761,
n10_td30d,10,100,3,8.0,12.132160831751245,1.5165201039689056,True,1.0,2.2826081709241075,2.2826081709241075,5.499164004635304,1.5165201039689056,50.51618273640174,
n10_td30d,10,100,4,0.5,0.7582600519844528,1.5165201039689056,False,0.876,1.5165201039689056,1.5165201039689056,2.4662949622302155,1.5165201039689056,0.0,
n10_td30d,10,100,4,1.0,1.5165201039689056,1.5165201039689056,False,1.0,1.8032110660307161,1.8032110660307161,3.52357379431726,1.5165201039689056,18.904527629505715,
n10_td30d,10,100,4,1.05,1.592346109167351,1.5165201039689056,True,1.0,1.677093835950606,1.677093835950606,3.5877128472319866,1.5165201039689056,10.588302229654637,
n10_td30d,10,100,4,1.1,1.6681721143657964,1.5165201039689056,True,1.0,1.8503794928555275,1.8503794928555275,3.7060017611582445,1.5165201039689056,22.01483435747894,
n10_td30d,10,100,4,1.5,2.2747801559533585,1.5165201039689056,True,1.0,1.8198907016373593,1.8198907016373593,4.142730494028188,1.5165201039689056,20.00439010828135,
n10_td30d,10,100,4,2.0,3.033040207937811,1.5165201039689056,True,1.0,2.222642089414652,2.222642089414652,4.611295616291916,1.5165201039689056,46.561993052234854,
n10_td30d,10,100,4,4.0,6.066080415875622,1.5165201039689056,True,1.0,2.2398052276275333,2.2398052276275333,5.1853331347230105,1.5165201039689056,47.69373790467454,
n10_td30d,10,100,4,8.0,12.132160831751245,1.5165201039689056,True,1.0,2.8268591522268216,2.8268591522268216,5.5018163907319435,1.5165201039689056,86.4043308643657,
n10_td30d,10,100,5,0.5,0.7582600519844528,1.5165201039689056,False,0.886,1.5165201039689056,1.5165201039689056,2.4760968465432938,1.5165201039689056,0.0,
n10_td30d,10,100,5,1.0,1.5165201039689056,1.5165201039689056,False,1.0,1.5165201039689056,1.5165201039689056,3.533938288879197,1.5165201039689056,0.0,
n10_td30d,10,100,5,1.05,1.592346109167351,1.5165201039689056,True,1.0,1.5587452776029718,1.5587452776029718,3.584149549116099,1.5165201039689056,2.78434644707697,
n10_td30d,10,100,5,1.1,1.6681721143657964,1.5165201039689056,True,1.0,1.8343703500194637,1.8343703500194637,3.6723930630683377,1.5165201039689056,20.959184465719108,
n10_td30d,10,100,5,1.5,2.2747801559533585,1.5165201039689056,True,1.0,1.7417781037734956,1.7417781037734956,4.193574887590537,1.5165201039689056,14.853611186232495,
n10_td30d,10,100,5,2.0,3.033040207937811,1.5165201039689056,True,1.0,2.0454481109943634,2.0454481109943634,4.614123834507854,1.5165201039689056,34.87774449156283,
n10_td30d,10,100,5,4.0,6.066080415875622,1.5165201039689056,True,1.0,2.53497479063473,2.53497479063473,5.174957185353578,1.5165201039689056,67.15734819475276,
n10_td30d,10,100,5,8.0,12.132160831751245,1.5165201039689056,True,1.0,1.8532755478392666,1.8532755478392666,5.467977084352951,1.5165201039689056,22.205801491785948,
n15_td30d,15,225,1,0.5,1.14937738615737,2.29875477231474,False,0.938,2.6127669145229504,2.6127669145229504,4.413271338741762,2.185549471053853,19.54737008369326,
n15_td30d,15,225,1,1.0,2.29875477231474,2.29875477231474,False,1.0,3.095836117984617,3.095836117984617,6.742227892425439,2.185549471053853,41.65024214674177,
n15_td30d,15,225,1,1.05,2.413692510930477,2.29875477231474,True,1.0,3.220172589335241,3.220172589335241,6.955109482389528,2.185549471053853,47.339267858462215,
n15_td30d,15,225,1,1.1,2.528630249546214,2.29875477231474,True,1.0,2.9281011037552283,2.9281011037552283,7.150223775800606,2.185549471053853,33.975512452862624,
n15_td30d,15,225,1,1.5,3.44813215847211,2.29875477231474,True,1.0,3.84265565410128,3.84265565410128,8.252055263278892,2.185549471053853,75.82103287958905,
n15_td30d,15,225,1,2.0,4.59750954462948,2.29875477231474,True,1.0,3.983660153766929,3.983660153766929,9.102516592835913,2.185549471053853,82.27270562976743,
n15_td30d,15,225,1,4.0,9.19501908925896,2.29875477231474,True,1.0,5.880239160526805,5.880239160526805,10.530806370471272,2.185549471053853,169.05083771411515,
n15_td30d,15,225,1,8.0,18.39003817851792,2.29875477231474,True,1.0,5.672974752490663,5.672974752490663,11.351949385286524,2.185549471053853,159.56743727952326,
n15_td30d,15,225,2,0.5,1.14937738615737,2.29875477231474,False,0.926,2.4899302924002233,2.4899302924002233,4.363020002448175,2.185549471053853,13.926970099633584,
n15_td30d,15,225,2,1.0,2.29875477231474,2.29875477231474,False,1.0,2.656308883846846,2.656308883846846,6.844074818340257,2.185549471053853,21.539636554920747,
n15_td30d,15,225,2,1.05,2.413692510930477,2.29875477231474,True,1.0,3.52801524345192,3.52801524345192,7.017054560278015,2.185549471053853,61.42463440787461,
n15_td30d,15,225,2,1.1,2.528630249546214,2.29875477231474,True,1.0,3.593294361807562,3.593294361807562,7.182778111075843,2.185549471053853,64.41148596260811,
n15_td30d,15,225,2,1.5,3.44813215847211,2.29875477231474,True,1.0,3.949175700627185,3.949175700627185,8.241486381657085,2.185549471053853,80.69486657389304,
n15_td30d,15,225,2,2.0,4.59750954462948,2.29875477231474,True,1.0,4.302184686715939,4.302184686715939,9.083548879333248,2.185549471053853,96.84682244421867,
n15_td30d,15,225,2,4.0,9.19501908925896,2.29875477231474,True,1.0,4.742102869129629,4.742102869129629,10.640321429264112,2.185549471053853,116.97531590730945,
n15_td30d,15,225,2,8.0,18.39003817851792,2.29875477231474,True,1.0,5.4835904939059,5.4835904939059,11.342399628611718,2.185549471053853,150.9021445880042,
n15_td30d,15,225,3,0.5,1.14937738615737,2.29875477231474,False,0.936,2.6035323578235854,2.6035323578235854,4.477911203409295,2.185549471053853,19.124842164665548,
n15_td30d,15,225,3,1.0,2.29875477231474,2.29875477231474,False,1.0,3.3800895256703685,3.3800895256703685,6.823430287942116,2.185549471053853,54.65628074026247,
n15_td30d,15,225,3,1.05,2.413692510930477,2.29875477231474,True,1.0,2.883479242101739,2.883479242101739,6.874143203155216,2.185549471053853,31.93383541720289,
n15_td30d,15,225,3,1.1,2.528630249546214,2.29875477231474,True,1.0,3.1476996506774535,3.1476996506774535,7.010137245306863,2.185549471053853,44.02326245031917,
n15_td30d,15,225,3,1.5,3.44813215847211,2.29875477231474,True,1.0,3.5220384279463746,3.5220384279463746,8.164492521011638,2.185549471053853,61.15116471136559,
n15_td30d,15,225,3,2.0,4.59750954462948,2.29875477231474,True,1.0,3.4410492719542036,3.4410492719542036,9.296357992258992,2.185549471053853,57.4454990623003,
n15_td30d,15,225,3,4.0,9.19501908925896,2.29875477231474,True,1.0,4.364928877501031,4.364928877501031,10.397720614718867,2.185549471053853,99.71768817460351,
n15_td30d,15,225,3,8.0,18.39003817851792,2.29875477231474,True,1.0,4.647336703234788,4.647336703234788,11.292719080004558,2.185549471053853,112.63928201057291,
n15_td30d,15,225,4,0.5,1.14937738615737,2.29875477231474,False,0.938,2.652131899440474,2.652131899440474,4.480691307089759,2.185549471053853,21.348518281841436,
n15_td30d,15,225,4,1.0,2.29875477231474,2.29875477231474,False,1.0,3.0189039126872057,3.0189039126872057,6.710018975332619,2.185549471053853,38.13020261817803,
n15_td30d,15,225,4,1.05,2.413692510930477,2.29875477231474,True,1.0,2.741301716668767,2.741301716668767,7.016057048608652,2.185549471053853,25.42849077431017,
n15_td30d,15,225,4,1.1,2.528630249546214,2.29875477231474,True,1.0,3.313477559217945,3.313477559217945,7.194077846720251,2.185549471053853,51.60844460867842,
n15_td30d,15,225,4,1.5,3.44813215847211,2.29875477231474,True,1.0,3.7021966407794435,3.7021966407794435,8.283422259304366,2.185549471053853,69.39431890298397,
n15_td30d,15,225,4,2.0,4.59750954462948,2.29875477231474,True,1.0,3.3385818460704666,3.3385818460704666,9.209425670213918,2.185549471053853,52.7570933665771,
n15_td30d,15,225,4,4.0,9.19501908925896,2.29875477231474,True,1.0,5.469460065196396,5.469460065196396,10.61561215308648,2.185549471053853,150.25560563307994,
n15_td30d,15,225,4,8.0,18.39003817851792,2.29875477231474,True,1.0,4.603233119089116,4.603233119089116,11.203636575346131,2.185549471053853,110.62131880590542,
n15_td30d,15,225,5,0.5,1.14937738615737,2.29875477231474,False,0.932,2.5799904870739296,2.5799904870739296,4.448857243607179,2.185549471053853,18.047681887057916,
n15_td30d,15,225,5,1.0,2.29875477231474,2.29875477231474,False,1.0,2.9806365589563013,2.9806365589563013,6.757582727183142,2.185549471053853,36.37927662735833,
n15_td30d,15,225,5,1.05,2.413692510930477,2.29875477231474,True,1.0,3.123900735662324,3.123900735662324,7.040504909163945,2.185549471053853,42.93434109071005,
n15_td30d,15,225,5,1.1,2.528630249546214,2.29875477231474,True,1.0,3.1031840092443215,3.1031840092443215,7.203947905808765,2.185549471053853,41.98644552978216,
n15_td30d,15,225,5,1.5,3.44813215847211,2.29875477231474,True,1.0,3.416079130320925,3.416079130320925,8.295231050028992,2.185549471053853,56.30298813019871,
n15_td30d,15,225,5,2.0,4.59750954462948,2.29875477231474,True,1.0,3.8783344370703094,3.8783344370703094,9.103704749988397,2.185549471053853,77.453518597326,
n15_td30d,15,225,5,4.0,9.19501908925896,2.29875477231474,True,1.0,4.368224564949294,4.368224564949294,10.555605623809214,2.185549471053853,99.8684826311881,
n15_td30d,15,225,5,8.0,18.39003817851792,2.29875477231474,True,1.0,6.19452811533163,6.19452811533163,11.354970934797937,2.185549471053853,183.4311552940818,
n20_td30d,20,400,1,0.5,1.8361474382772303,3.6722948765544605,False,0.908,5.827884257739459,5.827884257739459,9.290934117404383,3.6722948765544605,58.69870077556205,
n20_td30d,20,400,1,1.0,3.6722948765544605,3.6722948765544605,False,1.0,7.759108454829645,7.759108454829645,13.889268718194442,3.6722948765544605,111.28772921714958,
n20_td30d,20,400,1,1.05,3.855909620382184,3.6722948765544605,True,1.0,7.72891403079395,7.72891403079395,14.201122189946192,3.6722948765544605,110.46550700867526,
n20_td30d,20,400,1,1.1,4.039524364209907,3.6722948765544605,True,1.0,7.262855198553735,7.262855198553735,14.324717423946417,3.6722948765544605,97.77429217144258,
n20_td30d,20,400,1,1.5,5.508442314831691,3.6722948765544605,True,1.0,8.707901702530133,8.707901702530133,16.190305439899284,3.6722948765544605,137.1242505095436,
n20_td30d,20,400,1,2.0,7.344589753108921,3.6722948765544605,True,1.0,7.480147804860508,7.480147804860508,17.59857886382661,3.6722948765544605,103.69137164384725,
n20_td30d,20,400,1,4.0,14.689179506217842,3.6722948765544605,True,1.0,8.487374071295763,8.487374071295763,20.07867787771128,3.6722948765544605,131.1190783039477,
n20_td30d,20,400,1,8.0,29.378359012435684,3.6722948765544605,True,1.0,13.051187138217553,13.051187138217553,21.83240761060838,3.6722948765544605,255.39594659301602,
n20_td30d,20,400,2,0.5,1.8361474382772303,3.6722948765544605,False,0.916,5.246351293729136,5.246351293729136,9.296943616934984,3.6722948765544605,42.863018087794124,
n20_td30d,20,400,2,1.0,3.6722948765544605,3.6722948765544605,False,1.0,7.259346105335409,7.259346105335409,13.580850250641317,3.6722948765544605,97.67873630416378,
n20_td30d,20,400,2,1.05,3.855909620382184,3.6722948765544605,True,1.0,7.864292332925542,7.864292332925542,14.146276833691562,3.6722948765544605,114.15198390343409,
n20_td30d,20,400,2,1.1,4.039524364209907,3.6722948765544605,True,1.0,7.801631091412078,7.801631091412078,14.460843048550993,3.6722948765544605,112.44566010265433,
n20_td30d,20,400,2,1.5,5.508442314831691,3.6722948765544605,True,1.0,7.701912397314427,7.701912397314427,16.04336816713504,3.6722948765544605,109.73022745223457,
n20_td30d,20,400,2,2.0,7.344589753108921,3.6722948765544605,True,1.0,9.073354731861594,9.073354731861594,17.912595509666666,3.6722948765544605,147.07587589955986,
n20_td30d,20,400,2,4.0,14.689179506217842,3.6722948765544605,True,1.0,11.66304408753438,11.66304408753438,20.482435283801664,3.6722948765544605,217.59552213511952,
n20_td30d,20,400,2,8.0,29.378359012435684,3.6722948765544605,True,1.0,12.32079108551813,12.32079108551813,21.686627544606132,3.6722948765544605,235.50658374901911,
n20_td30d,20,400,3,0.5,1.8361474382772303,3.6722948765544605,False,0.916,4.67952476102431,4.67952476102431,9.28711564817931,3.6722948765544605,27.42780518254257,
n20_td30d,20,400,3,1.0,3.6722948765544605,3.6722948765544605,False,1.0,8.015417630862569,8.015417630862569,13.728781084519825,3.6722948765544605,118.2672661184293,
n20_td30d,20,400,3,1.05,3.855909620382184,3.6722948765544605,True,1.0,8.081879135008315,8.081879135008315,13.798090201567375,3.6722948765544605,120.07707460004295,
n20_td30d,20,400,3,1.1,4.039524364209907,3.6722948765544605,True,1.0,8.108425930674024,8.108425930674024,14.485055580691641,3.6722948765544605,120.79996850039925,
n20_td30d,20,400,3,1.5,5.508442314831691,3.6722948765544605,True,1.0,8.633182510900596,8.633182510900596,15.960545051385116,3.6722948765544605,135.0895775287169,
n20_td30d,20,400,3,2.0,7.344589753108921,3.6722948765544605,True,1.0,9.522750719730743,9.522750719730743,17.680025982495067,3.6722948765544605,159.31334600955267,
n20_td30d,20,400,3,4.0,14.689179506217842,3.6722948765544605,True,1.0,9.731953874231003,9.731953874231003,20.286810142378002,3.6722948765544605,165.0101421964794,
n20_td30d,20,400,3,8.0,29.378359012435684,3.6722948765544605,True,1.0,12.488419527075733,12.488419527075733,21.483290696515073,3.6722948765544605,240.0712618915021,
n20_td30d,20,400,4,0.5,1.8361474382772303,3.6722948765544605,False,0.916,6.086981267516632,6.086981267516632,9.447332051266082,3.6722948765544605,65.75415297879773,
n20_td30d,20,400,4,1.0,3.6722948765544605,3.6722948765544605,False,1.0,7.6641401890988465,7.6641401890988465,13.709078056755938,3.6722948765544605,108.70165514294823,
n20_td30d,20,400,4,1.05,3.855909620382184,3.6722948765544605,True,1.0,6.971601650788686,6.971601650788686,14.187563740772882,3.6722948765544605,89.84318757457211,
n20_td30d,20,400,4,1.1,4.039524364209907,3.6722948765544605,True,1.0,7.8546513113013905,7.8546513113013905,14.506801479107613,3.6722948765544605,113.8894499308573,
n20_td30d,20,400,4,1.5,5.508442314831691,3.6722948765544605,True,1.0,8.959708453061346,8.959708453061346,16.047127020028878,3.6722948765544605,143.98118218294644,
n20_td30d,20,400,4,2.0,7.344589753108921,3.6722948765544605,True,1.0,9.124292310477221,9.124292310477221,17.560557954223537,3.6722948765544605,148.46295347170243,
n20_td30d,20,400,4,4.0,14.689179506217842,3.6722948765544605,True,1.0,11.67496558524587,11.67496558524587,20.047216936566446,3.6722948765544605,217.9201555894644,
n20_td30d,20,400,4,8.0,29.378359012435684,3.6722948765544605,True,1.0,11.995619506014691,11.995619506014691,21.67175622167402,3.6722948765544605,226.65185964776367,
n20_td30d,20,400,5,0.5,1.8361474382772303,3.6722948765544605,False,0.902,5.917947697483946,5.917947697483946,9.408444872441487,3.6722948765544605,61.15121188297587,
n20_td30d,20,400,5,1.0,3.6722948765544605,3.6722948765544605,False,1.0,7.064835320511922,7.064835320511922,13.845193708941903,3.6722948765544605,92.38202698854404,
n20_td30d,20,400,5,1.05,3.855909620382184,3.6722948765544605,True,1.0,7.632993319581827,7.632993319581827,14.149707833372766,3.6722948765544605,107.85349695946805,
n20_td30d,20,400,5,1.1,4.039524364209907,3.6722948765544605,True,1.0,7.195953666466245,7.195953666466245,14.2275503901853,3.6722948765544605,95.95250132031515,
n20_td30d,20,400,5,1.5,5.508442314831691,3.6722948765544605,True,1.0,8.219490752110458,8.219490752110458,16.187003101016394,3.6722948765544605,123.8243667355606,
n20_td30d,20,400,5,2.0,7.344589753108921,3.6722948765544605,True,1.0,7.774335940236558,7.774335940236558,17.638442047718016,3.6722948765544605,111.70238778675767,
n20_td30d,20,400,5,4.0,14.689179506217842,3.6722948765544605,True,1.0,11.182088675045367,11.182088675045367,20.17137633710867,3.6722948765544605,204.49865958305043,
n20_td30d,20,400,5,8.0,29.378359012435684,3.6722948765544605,True,1.0,11.112656124429805,11.112656124429805,21.768263348769153,3.6722948765544605,202.60794674681136,
